gate_version,asset,kalshi_ticker,poly_slug,direction,window_start,close_time,combined_cost,cost_a,cost_b,logged_at,kalshi_outcome,polymarket_outcome,payout,profit,settled_at
v2_kalshi_ask_fix,BNB,KXBNB15M-26SEP210815-15,bnb-updown-15m-1789992000,A,2026-09-21T12:00:00+00:00,2026-09-21T12:15:00Z,0.4665,0.4665,1.8568,2026-09-21T12:14:16.709322+00:00,up,down,0.0,-0.4665,2026-09-21T12:20:25.832580+00:00
v2_kalshi_ask_fix,HYPE,KXHYPE15M-26SEP220115-15,hype-updown-15m-1790053200,A,2026-09-22T05:00:00+00:00,2026-09-22T05:15:00Z,0.6935,0.6935,1.6444,2026-09-22T05:14:14.982659+00:00,up,down,0.0,-0.6935,2026-09-22T05:20:23.825800+00:00
v2_kalshi_ask_fix,HYPE,KXHYPE15M-26SEP222115-15,hype-updown-15m-1790125200,B,2026-09-23T01:00:00+00:00,2026-09-23T01:15:00Z,0.7832,,0.7832,2026-09-23T01:14:20.413678+00:00,down,up,0.0,-0.7832,2026-09-23T01:22:23.906030+00:00
v2_kalshi_ask_fix,HYPE,KXHYPE15M-26SEP230815-15,hype-updown-15m-1790164800,A,2026-09-23T12:00:00+00:00,2026-09-23T12:15:00Z,0.798,0.798,1.4595,2026-09-23T12:14:19.650622+00:00,up,down,0.0,-0.798,2026-09-23T12:18:21.441592+00:00
v2_kalshi_ask_fix,BTC,KXBTC15M-26SEP230830-30,btc-updown-15m-1790165700,B,2026-09-23T12:15:00+00:00,2026-09-23T12:30:00Z,0.5,1.5395,0.5,2026-09-23T12:29:27.035440+00:00,down,up,0.0,-0.5,2026-09-23T12:38:24.349513+00:00
v2_kalshi_ask_fix,BTC,KXBTC15M-26SEP240300-00,btc-updown-15m-1790233200,B,2026-09-24T07:00:00+00:00,2026-09-24T07:00:00Z,0.661,,0.661,2026-09-24T07:00:23.145211+00:00,down,down,1.0,0.339,2026-09-24T09:00:25.823005+00:00
v2_kalshi_ask_fix,DOGE,KXDOGE15M-26SEP240300-00,doge-updown-15m-1790233200,B,2026-09-24T07:00:00+00:00,2026-09-24T07:00:00Z,0.635,,0.635,2026-09-24T07:00:23.145211+00:00,down,down,1.0,0.365,2026-09-24T09:00:25.823005+00:00
v2_kalshi_ask_fix,BNB,KXBNB15M-26SEP240300-00,bnb-updown-15m-1790233200,A,2026-09-24T07:00:00+00:00,2026-09-24T07:00:00Z,0.4162,0.4162,,2026-09-24T07:00:23.145211+00:00,up,down,0.0,-0.4162,2026-09-24T09:00:25.823005+00:00
v2_kalshi_ask_fix,XRP,KXXRP15M-26SEP240845-45,xrp-updown-15m-1790253000,A,2026-09-24T12:30:00+00:00,2026-09-24T12:45:00Z,0.3744,0.3744,1.8531,2026-09-24T12:44:43.001011+00:00,up,down,0.0,-0.3744,2026-09-24T12:50:24.059487+00:00
v2_kalshi_ask_fix,BTC,KXBTC15M-26SEP260245-45,btc-updown-15m-1790404200,B,2026-09-26T06:30:00+00:00,2026-09-26T06:45:00Z,0.777,1.2699,0.777,2026-09-26T06:36:18.759384+00:00,down,down,1.0,0.223,2026-09-26T06:52:20.826244+00:00
v2_kalshi_ask_fix,XRP,KXXRP15M-26SEP260945-45,xrp-updown-15m-1790429400,A,2026-09-26T13:30:00+00:00,2026-09-26T13:45:00Z,0.6879,0.6879,1.5123,2026-09-26T13:44:16.710663+00:00,up,up,1.0,0.3121,2026-09-26T13:52:21.253636+00:00
v2_kalshi_ask_fix,BTC,KXBTC15M-26SEP261015-15,btc-updown-15m-1790431200,B,2026-09-26T14:00:00+00:00,2026-09-26T14:15:00Z,0.7822,1.2457,0.7822,2026-09-26T14:06:19.564995+00:00,up,up,1.0,0.2178,2026-09-26T14:22:24.346971+00:00
v2_kalshi_ask_fix,BTC,KXBTC15M-26SEP261415-15,btc-updown-15m-1790445600,A,2026-09-26T18:00:00+00:00,2026-09-26T18:15:00Z,0.7638,0.7638,1.3136,2026-09-26T18:04:16.308487+00:00,down,down,1.0,0.2362,2026-09-26T18:22:57.842194+00:00
v2_kalshi_ask_fix,SOL,KXSOL15M-26SEP261415-15,sol-updown-15m-1790445600,A,2026-09-26T18:00:00+00:00,2026-09-26T18:15:00Z,0.7806,0.7806,,2026-09-26T18:14:23.401665+00:00,down,down,1.0,0.2194,2026-09-26T18:22:57.842194+00:00
v2_kalshi_ask_fix,BTC,KXBTC15M-26SEP271515-15,btc-updown-15m-1790535600,A,2026-09-27T19:00:00+00:00,2026-09-27T19:15:00Z,0.62,0.62,1.423,2026-09-27T19:14:15.991952+00:00,down,down,1.0,0.38,2026-09-27T19:18:20.062908+00:00
v2_kalshi_ask_fix,XRP,KXXRP15M-26SEP281215-15,xrp-updown-15m-1790611200,A,2026-09-28T16:00:00+00:00,2026-09-28T16:15:00Z,0.7171,0.7171,1.5089,2026-09-28T16:14:19.556925+00:00,up,down,0.0,-0.7171,2026-09-28T16:20:30.173258+00:00
v2_kalshi_ask_fix,HYPE,KXHYPE15M-26SEP282215-15,hype-updown-15m-1790647200,A,2026-09-29T02:00:00+00:00,2026-09-29T02:15:00Z,0.7974,0.7974,1.5354,2026-09-29T02:14:19.739276+00:00,up,up,1.0,0.2026,2026-09-29T02:21:01.440986+00:00
v2_kalshi_ask_fix,ETH,KXETH15M-26SEP291645-45,eth-updown-15m-1790713800,B,2026-09-29T20:30:00+00:00,2026-09-29T20:45:00Z,0.6762,1.3876,0.6762,2026-09-29T20:44:19.767034+00:00,up,up,1.0,0.3238,2026-09-29T20:50:27.927320+00:00
v2_kalshi_ask_fix,HYPE,KXHYPE15M-26SEP301645-45,hype-updown-15m-1790800200,A,2026-09-30T20:30:00+00:00,2026-09-30T20:45:00Z,0.6865,0.6865,1.608,2026-09-30T20:44:22.456051+00:00,up,up,1.0,0.3135,2026-09-30T20:50:21.350573+00:00
v2_kalshi_ask_fix,DOGE,KXDOGE15M-26SEP301745-45,doge-updown-15m-1790803800,B,2026-09-30T21:30:00+00:00,2026-09-30T21:45:00Z,0.7644,1.5605,0.7644,2026-09-30T21:44:18.607804+00:00,down,down,1.0,0.2356,2026-09-30T21:50:22.905102+00:00
v2_kalshi_ask_fix,ETH,KXETH15M-26SEP301945-45,eth-updown-15m-1790811000,B,2026-09-30T23:30:00+00:00,2026-09-30T23:45:00Z,0.7404,1.4892,0.7404,2026-09-30T23:44:17.737489+00:00,down,up,0.0,-0.7404,2026-09-30T23:52:19.143334+00:00
v2_kalshi_ask_fix,BNB,KXBNB15M-26SEP302115-15,bnb-updown-15m-1790816400,A,2026-10-01T01:00:00+00:00,2026-10-01T01:15:00Z,0.4384,0.4384,1.8991,2026-10-01T01:14:19.614718+00:00,up,down,0.0,-0.4384,2026-10-01T01:18:21.793200+00:00
v2_kalshi_ask_fix,BTC,KXBTC15M-26OCT010300-00,btc-updown-15m-1790838000,B,2026-10-01T07:00:00+00:00,2026-10-01T07:00:00Z,0.561,,0.561,2026-10-01T07:00:21.312299+00:00,down,down,1.0,0.439,2026-10-01T09:00:25.183348+00:00
v2_kalshi_ask_fix,XRP,KXXRP15M-26OCT010300-00,xrp-updown-15m-1790838000,A,2026-10-01T07:00:00+00:00,2026-10-01T07:00:00Z,0.4811,0.4811,,2026-10-01T07:00:21.312299+00:00,up,down,0.0,-0.4811,2026-10-01T09:00:25.183348+00:00
v2_kalshi_ask_fix,HYPE,KXHYPE15M-26OCT011545-45,hype-updown-15m-1790883000,B,2026-10-01T19:30:00+00:00,2026-10-01T19:45:00Z,0.73,,0.73,2026-10-01T19:44:18.788541+00:00,up,up,1.0,0.27,2026-10-01T19:52:18.612878+00:00
v2_kalshi_ask_fix,ETH,KXETH15M-26OCT012145-45,eth-updown-15m-1790904600,A,2026-10-02T01:30:00+00:00,2026-10-02T01:45:00Z,0.7144,0.7144,1.37,2026-10-02T01:44:26.248242+00:00,up,down,0.0,-0.7144,2026-10-02T01:48:23.001008+00:00
v2_kalshi_ask_fix,BNB,KXBNB15M-26OCT020445-45,bnb-updown-15m-1790929800,A,2026-10-02T08:30:00+00:00,2026-10-02T08:45:00Z,0.5697,0.5697,1.6696,2026-10-02T08:44:21.638006+00:00,up,down,0.0,-0.5697,2026-10-02T08:48:25.408213+00:00
v2_kalshi_ask_fix,SOL,KXSOL15M-26OCT020515-15,sol-updown-15m-1790931600,B,2026-10-02T09:00:00+00:00,2026-10-02T09:15:00Z,0.7306,1.4709,0.7306,2026-10-02T09:14:27.284957+00:00,down,up,0.0,-0.7306,2026-10-02T09:20:24.246361+00:00
v2_kalshi_ask_fix,XRP,KXXRP15M-26OCT020645-45,xrp-updown-15m-1790937000,A,2026-10-02T10:30:00+00:00,2026-10-02T10:45:00Z,0.6688,0.6688,1.6246,2026-10-02T10:44:20.047721+00:00,up,up,1.0,0.3312,2026-10-02T10:52:24.275409+00:00
v2_kalshi_ask_fix,XRP,KXXRP15M-26OCT021115-15,xrp-updown-15m-1790953200,B,2026-10-02T15:00:00+00:00,2026-10-02T15:15:00Z,0.7693,1.5345,0.7693,2026-10-02T15:14:23.040769+00:00,down,up,0.0,-0.7693,2026-10-02T15:18:21.652701+00:00
v2_kalshi_ask_fix,BNB,KXBNB15M-26OCT021115-15,bnb-updown-15m-1790953200,B,2026-10-02T15:00:00+00:00,2026-10-02T15:15:00Z,0.7915,1.636,0.7915,2026-10-02T15:14:23.040769+00:00,down,up,0.0,-0.7915,2026-10-02T15:18:21.652701+00:00
v2_kalshi_ask_fix,BTC,KXBTC15M-26OCT021945-45,btc-updown-15m-1790983800,B,2026-10-02T23:30:00+00:00,2026-10-02T23:45:00Z,0.7773,1.26,0.7773,2026-10-02T23:44:16.463800+00:00,down,up,0.0,-0.7773,2026-10-02T23:50:25.652336+00:00
v2_kalshi_ask_fix,XRP,KXXRP15M-26OCT022315-15,xrp-updown-15m-1790996400,B,2026-10-03T03:00:00+00:00,2026-10-03T03:15:00Z,0.3039,1.8256,0.3039,2026-10-03T03:14:17.824278+00:00,up,up,1.0,0.6961,2026-10-03T03:22:20.219902+00:00
v2_kalshi_ask_fix,BNB,KXBNB15M-26OCT022345-45,bnb-updown-15m-1790998200,B,2026-10-03T03:30:00+00:00,2026-10-03T03:45:00Z,0.4689,,0.4689,2026-10-03T03:44:16.618351+00:00,down,up,0.0,-0.4689,2026-10-03T03:50:19.886797+00:00
v2_kalshi_ask_fix,BNB,KXBNB15M-26OCT030045-45,bnb-updown-15m-1791001800,B,2026-10-03T04:30:00+00:00,2026-10-03T04:45:00Z,0.417,1.8654,0.417,2026-10-03T04:44:17.062555+00:00,down,down,1.0,0.583,2026-10-03T04:50:19.717615+00:00
v2_kalshi_ask_fix,BTC,KXBTC15M-26OCT031845-45,btc-updown-15m-1791066600,A,2026-10-03T22:30:00+00:00,2026-10-03T22:45:00Z,0.6702,0.6702,1.35,2026-10-03T22:40:19.003403+00:00,up,up,1.0,0.3298,2026-10-03T22:50:20.008140+00:00
v2_kalshi_ask_fix,BTC,KXBTC15M-26OCT040045-45,btc-updown-15m-1791088200,B,2026-10-04T04:30:00+00:00,2026-10-04T04:45:00Z,0.3205,1.7922,0.3205,2026-10-04T04:44:18.032552+00:00,down,up,0.0,-0.3205,2026-10-04T04:52:23.222843+00:00
v2_kalshi_ask_fix,BNB,KXBNB15M-26OCT040100-00,bnb-updown-15m-1791089100,A,2026-10-04T04:45:00+00:00,2026-10-04T05:00:00Z,0.7415,0.7415,1.4592,2026-10-04T04:56:18.154244+00:00,up,down,0.0,-0.7415,2026-10-04T05:06:23.475846+00:00
v2_kalshi_ask_fix,SOL,KXSOL15M-26OCT040215-15,sol-updown-15m-1791093600,A,2026-10-04T06:00:00+00:00,2026-10-04T06:15:00Z,0.017,0.017,,2026-10-04T06:14:52.144011+00:00,up,down,0.0,-0.017,2026-10-04T06:22:23.911642+00:00
v2_kalshi_ask_fix,HYPE,KXHYPE15M-26OCT041145-45,hype-updown-15m-1791127800,A,2026-10-04T15:30:00+00:00,2026-10-04T15:45:00Z,0.6565,0.6565,1.8293,2026-10-04T15:44:16.762640+00:00,up,up,1.0,0.3435,2026-10-04T15:52:56.074967+00:00
v2_kalshi_ask_fix,HYPE,KXHYPE15M-26OCT042245-45,hype-updown-15m-1791167400,B,2026-10-05T02:30:00+00:00,2026-10-05T02:45:00Z,0.7505,1.7076,0.7505,2026-10-05T02:44:21.204258+00:00,up,up,1.0,0.2495,2026-10-05T02:50:18.391994+00:00
v2_kalshi_ask_fix,DOGE,KXDOGE15M-26OCT042315-15,doge-updown-15m-1791169200,A,2026-10-05T03:00:00+00:00,2026-10-05T03:15:00Z,0.4074,0.4074,1.8806,2026-10-05T03:14:20.976221+00:00,up,down,0.0,-0.4074,2026-10-05T03:24:23.532261+00:00
v2_kalshi_ask_fix,BNB,KXBNB15M-26OCT050345-45,bnb-updown-15m-1791185400,B,2026-10-05T07:30:00+00:00,2026-10-05T07:45:00Z,0.2656,1.9288,0.2656,2026-10-05T07:44:18.999864+00:00,down,up,0.0,-0.2656,2026-10-05T07:52:20.388758+00:00
v2_kalshi_ask_fix,ETH,KXETH15M-26OCT051515-15,eth-updown-15m-1791226800,A,2026-10-05T19:00:00+00:00,2026-10-05T19:15:00Z,0.607,0.607,1.6001,2026-10-05T19:14:28.602752+00:00,up,down,0.0,-0.607,2026-10-05T19:25:48.104092+00:00
v2_kalshi_ask_fix,BNB,KXBNB15M-26OCT051745-45,bnb-updown-15m-1791235800,B,2026-10-05T21:30:00+00:00,2026-10-05T21:45:00Z,0.7927,1.2836,0.7927,2026-10-05T21:43:11.245198+00:00,up,up,1.0,0.2073,2026-10-05T21:48:57.256651+00:00
v2_kalshi_ask_fix,BNB,KXBNB15M-26OCT051845-45,bnb-updown-15m-1791239400,A,2026-10-05T22:30:00+00:00,2026-10-05T22:45:00Z,0.35,0.35,1.884,2026-10-05T22:44:20.768132+00:00,up,down,0.0,-0.35,2026-10-05T22:52:27.024552+00:00
v2_kalshi_ask_fix,SOL,KXSOL15M-26OCT052045-45,sol-updown-15m-1791246600,B,2026-10-06T00:30:00+00:00,2026-10-06T00:45:00Z,0.6896,1.5012,0.6896,2026-10-06T00:44:21.763494+00:00,down,down,1.0,0.3104,2026-10-06T00:50:24.855312+00:00
v2_kalshi_ask_fix,BNB,KXBNB15M-26OCT060600-00,bnb-updown-15m-1791279900,A,2026-10-06T09:45:00+00:00,2026-10-06T10:00:00Z,0.5505,0.5505,1.5586,2026-10-06T09:58:16.075357+00:00,up,down,0.0,-0.5505,2026-10-06T10:04:27.863077+00:00
v2_kalshi_ask_fix,BNB,KXBNB15M-26OCT060715-15,bnb-updown-15m-1791284400,A,2026-10-06T11:00:00+00:00,2026-10-06T11:15:00Z,0.5134,0.5134,1.7543,2026-10-06T11:14:20.673312+00:00,up,down,0.0,-0.5134,2026-10-06T11:18:22.032744+00:00
v2_kalshi_ask_fix,XRP,KXXRP15M-26OCT061115-15,xrp-updown-15m-1791298800,A,2026-10-06T15:00:00+00:00,2026-10-06T15:15:00Z,0.7266,0.7266,1.3696,2026-10-06T15:14:23.673684+00:00,down,down,1.0,0.2734,2026-10-06T15:22:24.432213+00:00
v2_kalshi_ask_fix,BTC,KXBTC15M-26OCT061615-15,btc-updown-15m-1791316800,A,2026-10-06T20:00:00+00:00,2026-10-06T20:15:00Z,0.77,0.77,1.25,2026-10-06T20:14:21.152218+00:00,down,down,1.0,0.23,2026-10-06T20:22:25.600215+00:00
v2_kalshi_ask_fix,DOGE,KXDOGE15M-26OCT061845-45,doge-updown-15m-1791325800,B,2026-10-06T22:30:00+00:00,2026-10-06T22:45:00Z,0.6191,1.7754,0.6191,2026-10-06T22:44:17.380108+00:00,down,up,0.0,-0.6191,2026-10-06T22:48:23.289723+00:00
v2_kalshi_ask_fix,BNB,KXBNB15M-26OCT062145-45,bnb-updown-15m-1791336600,B,2026-10-07T01:30:00+00:00,2026-10-07T01:45:00Z,0.5546,1.8173,0.5546,2026-10-07T01:44:19.180271+00:00,down,up,0.0,-0.5546,2026-10-07T01:52:21.260660+00:00
v2_kalshi_ask_fix,XRP,KXXRP15M-26OCT062315-15,xrp-updown-15m-1791342000,A,2026-10-07T03:00:00+00:00,2026-10-07T03:15:00Z,0.5883,0.5883,1.5333,2026-10-07T03:14:17.261711+00:00,up,up,1.0,0.4117,2026-10-07T03:18:20.825462+00:00
v2_kalshi_ask_fix,XRP,KXXRP15M-26OCT070145-45,xrp-updown-15m-1791351000,A,2026-10-07T05:30:00+00:00,2026-10-07T05:45:00Z,0.6662,0.6662,1.5214,2026-10-07T05:44:20.099831+00:00,up,down,0.0,-0.6662,2026-10-07T05:48:19.062018+00:00
v2_kalshi_ask_fix,ETH,KXETH15M-26OCT071445-45,eth-updown-15m-1791397800,B,2026-10-07T18:30:00+00:00,2026-10-07T18:45:00Z,0.603,1.499,0.603,2026-10-07T18:44:17.449034+00:00,down,down,1.0,0.397,2026-10-07T18:52:39.403297+00:00
v2_kalshi_ask_fix,ETH,KXETH15M-26OCT071815-15,eth-updown-15m-1791410400,A,2026-10-07T22:00:00+00:00,2026-10-07T22:15:00Z,0.7853,0.7853,1.303,2026-10-07T22:14:20.078652+00:00,up,up,1.0,0.2147,2026-10-07T22:20:25.182830+00:00
v2_kalshi_ask_fix,BNB,KXBNB15M-26OCT071945-45,bnb-updown-15m-1791415800,A,2026-10-07T23:30:00+00:00,2026-10-07T23:45:00Z,0.7982,0.7982,1.7881,2026-10-07T23:44:20.451770+00:00,up,up,1.0,0.2018,2026-10-07T23:52:23.053427+00:00
v2_kalshi_ask_fix,BTC,KXBTC15M-26OCT080300-00,btc-updown-15m-1791442800,A,2026-10-08T07:00:00+00:00,2026-10-08T07:00:00Z,0.251,0.251,,2026-10-08T07:00:24.919084+00:00,up,up,1.0,0.749,2026-10-08T09:06:21.531184+00:00
v2_kalshi_ask_fix,ETH,KXETH15M-26OCT080300-00,eth-updown-15m-1791442800,A,2026-10-08T07:00:00+00:00,2026-10-08T07:00:00Z,0.2205,0.2205,,2026-10-08T07:00:24.919084+00:00,up,up,1.0,0.7795,2026-10-08T09:06:21.531184+00:00
v2_kalshi_ask_fix,SOL,KXSOL15M-26OCT080300-00,sol-updown-15m-1791442800,A,2026-10-08T07:00:00+00:00,2026-10-08T07:00:00Z,0.2729,0.2729,,2026-10-08T07:00:24.919084+00:00,up,up,1.0,0.7271,2026-10-08T09:06:21.531184+00:00
v2_kalshi_ask_fix,XRP,KXXRP15M-26OCT080300-00,xrp-updown-15m-1791442800,A,2026-10-08T07:00:00+00:00,2026-10-08T07:00:00Z,0.2656,0.2656,,2026-10-08T07:00:24.919084+00:00,up,up,1.0,0.7344,2026-10-08T09:06:21.531184+00:00
v2_kalshi_ask_fix,DOGE,KXDOGE15M-26OCT080300-00,doge-updown-15m-1791442800,A,2026-10-08T07:00:00+00:00,2026-10-08T07:00:00Z,0.3719,0.3719,,2026-10-08T07:00:24.919084+00:00,up,up,1.0,0.6281,2026-10-08T09:06:21.531184+00:00
v2_kalshi_ask_fix,BNB,KXBNB15M-26OCT080300-00,bnb-updown-15m-1791442800,A,2026-10-08T07:00:00+00:00,2026-10-08T07:00:00Z,0.464,0.464,,2026-10-08T07:00:24.919084+00:00,up,up,1.0,0.536,2026-10-08T09:06:21.531184+00:00
v2_kalshi_ask_fix,HYPE,KXHYPE15M-26OCT080300-00,hype-updown-15m-1791442800,A,2026-10-08T07:00:00+00:00,2026-10-08T07:00:00Z,0.3785,0.3785,,2026-10-08T07:00:24.919084+00:00,up,up,1.0,0.6215,2026-10-08T09:06:21.531184+00:00
v2_kalshi_ask_fix,ZEC,KXZEC15M-26OCT080300-00,zec-updown-15m-1791442800,A,2026-10-08T07:00:00+00:00,2026-10-08T07:00:00Z,0.332,0.332,,2026-10-08T07:04:17.351947+00:00,up,up,1.0,0.668,2026-10-08T09:06:21.531184+00:00
v2_kalshi_ask_fix,BNB,KXBNB15M-26OCT080845-45,bnb-updown-15m-1791462600,B,2026-10-08T12:30:00+00:00,2026-10-08T12:45:00Z,0.6087,1.8083,0.6087,2026-10-08T12:44:21.284434+00:00,down,up,0.0,-0.6087,2026-10-08T12:48:25.085051+00:00
v2_kalshi_ask_fix,BTC,KXBTC15M-26OCT081515-15,btc-updown-15m-1791486000,A,2026-10-08T19:00:00+00:00,2026-10-08T19:15:00Z,0.4921,0.4921,1.5235,2026-10-08T19:14:16.336670+00:00,up,down,0.0,-0.4921,2026-10-08T19:20:22.241095+00:00
v2_kalshi_ask_fix,BNB,KXBNB15M-26OCT081745-45,bnb-updown-15m-1791495000,A,2026-10-08T21:30:00+00:00,2026-10-08T21:45:00Z,0.7463,0.7463,1.6298,2026-10-08T21:44:18.175084+00:00,up,down,0.0,-0.7463,2026-10-08T21:49:33.170582+00:00
v2_kalshi_ask_fix,BNB,KXBNB15M-26OCT082045-45,bnb-updown-15m-1791505800,A,2026-10-09T00:30:00+00:00,2026-10-09T00:45:00Z,0.535,0.535,1.9166,2026-10-09T00:44:20.957867+00:00,up,down,0.0,-0.535,2026-10-09T00:48:19.914238+00:00
v2_kalshi_ask_fix,HYPE,KXHYPE15M-26OCT090915-15,hype-updown-15m-1791550800,A,2026-10-09T13:00:00+00:00,2026-10-09T13:15:00Z,0.7975,0.7975,1.586,2026-10-09T13:14:18.923298+00:00,up,up,1.0,0.2025,2026-10-09T13:20:22.428227+00:00
v2_kalshi_ask_fix,BTC,KXBTC15M-26OCT092015-15,btc-updown-15m-1791590400,A,2026-10-10T00:00:00+00:00,2026-10-10T00:15:00Z,0.7566,0.7566,1.3743,2026-10-10T00:14:18.754968+00:00,up,down,0.0,-0.7566,2026-10-10T00:22:22.762880+00:00
v2_kalshi_ask_fix,BTC,KXBTC15M-26OCT092130-30,btc-updown-15m-1791594900,A,2026-10-10T01:15:00+00:00,2026-10-10T01:30:00Z,0.6791,0.6791,1.3702,2026-10-10T01:28:21.981879+00:00,down,down,1.0,0.3209,2026-10-10T01:36:21.612087+00:00
v2_kalshi_ask_fix,ETH,KXETH15M-26OCT100315-15,eth-updown-15m-1791615600,B,2026-10-10T07:00:00+00:00,2026-10-10T07:15:00Z,0.245,1.912,0.245,2026-10-10T07:14:17.979073+00:00,down,up,0.0,-0.245,2026-10-10T07:20:22.716906+00:00
v2_kalshi_ask_fix,DOGE,KXDOGE15M-26OCT101015-15,doge-updown-15m-1791640800,B,2026-10-10T14:00:00+00:00,2026-10-10T14:15:00Z,0.7446,1.7524,0.7446,2026-10-10T14:14:18.245453+00:00,down,up,0.0,-0.7446,2026-10-10T14:24:24.344049+00:00
v2_kalshi_ask_fix,SOL,KXSOL15M-26OCT101345-45,sol-updown-15m-1791653400,A,2026-10-10T17:30:00+00:00,2026-10-10T17:45:00Z,0.6589,0.6589,1.639,2026-10-10T17:44:22.085677+00:00,up,down,0.0,-0.6589,2026-10-10T17:52:23.672086+00:00
v2_kalshi_ask_fix,SOL,KXSOL15M-26OCT101515-15,sol-updown-15m-1791658800,A,2026-10-10T19:00:00+00:00,2026-10-10T19:15:00Z,0.664,0.664,1.5649,2026-10-10T19:14:20.093861+00:00,up,up,1.0,0.336,2026-10-10T19:20:21.398496+00:00
